"filename", "language", "JSON", "XML", "Ignore", "Properties", "Markdown", "Batch", "HTML", "YAML", "Java", "Shell Script", "JavaScript", "comment", "blank", "total"
"d:\BOA\Dev\apisBoaExpress\.jhipster\ParamEndPoint.json", "JSON", 40, 0, 0, 0, 0, 0, 0, 0, 0, 0, 0, 0, 1, 41
"d:\BOA\Dev\apisBoaExpress\.jhipster\Pays.json", "JSON", 44, 0, 0, 0, 0, 0, 0, 0, 0, 0, 0, 0, 1, 45
"d:\BOA\Dev\apisBoaExpress\.jhipster\RequestParam.json", "JSON", 58, 0, 0, 0, 0, 0, 0, 0, 0, 0, 0, 0, 1, 59
"d:\BOA\Dev\apisBoaExpress\.jhipster\Tracking.json", "JSON", 74, 0, 0, 0, 0, 0, 0, 0, 0, 0, 0, 0, 1, 75
"d:\BOA\Dev\apisBoaExpress\.jhipster\Transaction.json", "JSON", 128, 0, 0, 0, 0, 0, 0, 0, 0, 0, 0, 0, 1, 129
"d:\BOA\Dev\apisBoaExpress\.lintstagedrc.js", "JavaScript", 0, 0, 0, 0, 0, 0, 0, 0, 0, 0, 3, 0, 1, 4
"d:\BOA\Dev\apisBoaExpress\.mvn\wrapper\MavenWrapperDownloader.java", "Java", 0, 0, 0, 0, 0, 0, 0, 0, 76, 0, 0, 31, 11, 118
"d:\BOA\Dev\apisBoaExpress\.mvn\wrapper\maven-wrapper.properties", "Properties", 0, 0, 0, 2, 0, 0, 0, 0, 0, 0, 0, 0, 1, 3
"d:\BOA\Dev\apisBoaExpress\.prettierignore", "Ignore", 0, 0, 8, 0, 0, 0, 0, 0, 0, 0, 0, 0, 1, 9
"d:\BOA\Dev\apisBoaExpress\.prettierrc", "JSON", 14, 0, 0, 0, 0, 0, 0, 0, 0, 0, 0, 0, 5, 19
"d:\BOA\Dev\apisBoaExpress\.yo-rc-global.json", "JSON", 8, 0, 0, 0, 0, 0, 0, 0, 0, 0, 0, 0, 1, 9
"d:\BOA\Dev\apisBoaExpress\.yo-rc.json", "JSON", 46, 0, 0, 0, 0, 0, 0, 0, 0, 0, 0, 0, 1, 47
"d:\BOA\Dev\apisBoaExpress\README.md", "Markdown", 0, 0, 0, 0, 76, 0, 0, 0, 0, 0, 0, 0, 44, 120
"d:\BOA\Dev\apisBoaExpress\checkstyle.xml", "XML", 0, 11, 0, 0, 0, 0, 0, 0, 0, 0, 0, 8, 2, 21
"d:\BOA\Dev\apisBoaExpress\mvnw.cmd", "Batch", 0, 0, 0, 0, 0, 96, 0, 0, 0, 0, 0, 51, 36, 183
"d:\BOA\Dev\apisBoaExpress\package-lock.json", "JSON", 6150, 0, 0, 0, 0, 0, 0, 0, 0, 0, 0, 0, 1, 6151
"d:\BOA\Dev\apisBoaExpress\package.json", "JSON", 58, 0, 0, 0, 0, 0, 0, 0, 0, 0, 0, 0, 1, 59
"d:\BOA\Dev\apisBoaExpress\pom.xml", "XML", 0, 908, 0, 0, 0, 0, 0, 0, 0, 0, 0, 52, 13, 973
"d:\BOA\Dev\apisBoaExpress\sonar-project.properties", "Properties", 0, 0, 0, 20, 0, 0, 0, 0, 0, 0, 0, 4, 5, 29
"d:\BOA\Dev\apisBoaExpress\src\main\docker\app.yml", "YAML", 0, 0, 0, 0, 0, 0, 0, 21, 0, 0, 0, 7, 1, 29
"d:\BOA\Dev\apisBoaExpress\src\main\docker\grafana\provisioning\dashboards\JVM.json", "JSON", 3778, 0, 0, 0, 0, 0, 0, 0, 0, 0, 0, 0, 1, 3779
"d:\BOA\Dev\apisBoaExpress\src\main\docker\grafana\provisioning\dashboards\dashboard.yml", "YAML", 0, 0, 0, 0, 0, 0, 0, 10, 0, 0, 0, 0, 2, 12
"d:\BOA\Dev\apisBoaExpress\src\main\docker\grafana\provisioning\datasources\datasource.yml", "YAML", 0, 0, 0, 0, 0, 0, 0, 28, 0, 0, 0, 20, 3, 51
"d:\BOA\Dev\apisBoaExpress\src\main\docker\jhipster-control-center.yml", "YAML", 0, 0, 0, 0, 0, 0, 0, 18, 0, 0, 0, 32, 3, 53
"d:\BOA\Dev\apisBoaExpress\src\main\docker\jib\entrypoint.sh", "Shell Script", 0, 0, 0, 0, 0, 0, 0, 0, 0, 2, 0, 1, 2, 5
"d:\BOA\Dev\apisBoaExpress\src\main\docker\monitoring.yml", "YAML", 0, 0, 0, 0, 0, 0, 0, 22, 0, 0, 0, 9, 1, 32
"d:\BOA\Dev\apisBoaExpress\src\main\docker\postgresql.yml", "YAML", 0, 0, 0, 0, 0, 0, 0, 10, 0, 0, 0, 5, 1, 16
"d:\BOA\Dev\apisBoaExpress\src\main\docker\prometheus\prometheus.yml", "YAML", 0, 0, 0, 0, 0, 0, 0, 12, 0, 0, 0, 15, 5, 32
"d:\BOA\Dev\apisBoaExpress\src\main\docker\sonar.yml", "YAML", 0, 0, 0, 0, 0, 0, 0, 8, 0, 0, 0, 5, 1, 14
"d:\BOA\Dev\apisBoaExpress\src\main\java\com\boa\api\ApisBoaExpressApp.java", "Java", 0, 0, 0, 0, 0, 0, 0, 0, 83, 0, 0, 12, 9, 104
"d:\BOA\Dev\apisBoaExpress\src\main\java\com\boa\api\ApplicationWebXml.java", "Java", 0, 0, 0, 0, 0, 0, 0, 0, 11, 0, 0, 5, 4, 20
"d:\BOA\Dev\apisBoaExpress\src\main\java\com\boa\api\GeneratedByJHipster.java", "Java", 0, 0, 0, 0, 0, 0, 0, 0, 11, 0, 0, 0, 3, 14
"d:\BOA\Dev\apisBoaExpress\src\main\java\com\boa\api\aop\logging\LoggingAspect.java", "Java", 0, 0, 0, 0, 0, 0, 0, 0, 70, 0, 0, 32, 10, 112
"d:\BOA\Dev\apisBoaExpress\src\main\java\com\boa\api\config\ApplicationProperties.java", "Java", 0, 0, 0, 0, 0, 0, 0, 0, 4, 0, 0, 6, 3, 13
"d:\BOA\Dev\apisBoaExpress\src\main\java\com\boa\api\config\AsyncConfiguration.java", "Java", 0, 0, 0, 0, 0, 0, 0, 0, 39, 0, 0, 0, 8, 47
"d:\BOA\Dev\apisBoaExpress\src\main\java\com\boa\api\config\CacheConfiguration.java", "Java", 0, 0, 0, 0, 0, 0, 0, 0, 66, 0, 0, 1, 12, 79
"d:\BOA\Dev\apisBoaExpress\src\main\java\com\boa\api\config\Constants.java", "Java", 0, 0, 0, 0, 0, 0, 0, 0, 7, 0, 0, 4, 5, 16
"d:\BOA\Dev\apisBoaExpress\src\main\java\com\boa\api\config\DatabaseConfiguration.java", "Java", 0, 0, 0, 0, 0, 0, 0, 0, 14, 0, 0, 0, 3, 17
"d:\BOA\Dev\apisBoaExpress\src\main\java\com\boa\api\config\DateTimeFormatConfiguration.java", "Java", 0, 0, 0, 0, 0, 0, 0, 0, 14, 0, 0, 3, 4, 21
"d:\BOA\Dev\apisBoaExpress\src\main\java\com\boa\api\config\JacksonConfiguration.java", "Java", 0, 0, 0, 0, 0, 0, 0, 0, 31, 0, 0, 13, 8, 52
"d:\BOA\Dev\apisBoaExpress\src\main\java\com\boa\api\config\LiquibaseConfiguration.java", "Java", 0, 0, 0, 0, 0, 0, 0, 0, 61, 0, 0, 2, 7, 70
"d:\BOA\Dev\apisBoaExpress\src\main\java\com\boa\api\config\LocaleConfiguration.java", "Java", 0, 0, 0, 0, 0, 0, 0, 0, 22, 0, 0, 0, 5, 27
"d:\BOA\Dev\apisBoaExpress\src\main\java\com\boa\api\config\LoggingAspectConfiguration.java", "Java", 0, 0, 0, 0, 0, 0, 0, 0, 14, 0, 0, 0, 4, 18
"d:\BOA\Dev\apisBoaExpress\src\main\java\com\boa\api\config\LoggingConfiguration.java", "Java", 0, 0, 0, 0, 0, 0, 0, 0, 37, 0, 0, 3, 8, 48
"d:\BOA\Dev\apisBoaExpress\src\main\java\com\boa\api\config\SecurityConfiguration.java", "Java", 0, 0, 0, 0, 0, 0, 0, 0, 45, 0, 0, 51, 8, 104
"d:\BOA\Dev\apisBoaExpress\src\main\java\com\boa\api\config\WebConfigurer.java", "Java", 0, 0, 0, 0, 0, 0, 0, 0, 39, 0, 0, 13, 9, 61
"d:\BOA\Dev\apisBoaExpress\src\main\java\com\boa\api\config\package-info.java", "Java", 0, 0, 0, 0, 0, 0, 0, 0, 1, 0, 0, 3, 1, 5
"d:\BOA\Dev\apisBoaExpress\src\main\java\com\boa\api\domain\AbstractAuditingEntity.java", "Java", 0, 0, 0, 0, 0, 0, 0, 0, 57, 0, 0, 4, 16, 77
"d:\BOA\Dev\apisBoaExpress\src\main\java\com\boa\api\domain\Authority.java", "Java", 0, 0, 0, 0, 0, 0, 0, 0, 48, 0, 0, 4, 10, 62
"d:\BOA\Dev\apisBoaExpress\src\main\java\com\boa\api\domain\ParamEndPoint.java", "Java", 0, 0, 0, 0, 0, 0, 0, 0, 134, 0, 0, 5, 35, 174
"d:\BOA\Dev\apisBoaExpress\src\main\java\com\boa\api\domain\Pays.java", "Java", 0, 0, 0, 0, 0, 0, 0, 0, 110, 0, 0, 5, 28, 143
"d:\BOA\Dev\apisBoaExpress\src\main\java\com\boa\api\domain\PersistentAuditEvent.java", "Java", 0, 0, 0, 0, 0, 0, 0, 0, 88, 0, 0, 5, 22, 115
"d:\BOA\Dev\apisBoaExpress\src\main\java\com\boa\api\domain\RequestParam.java", "Java", 0, 0, 0, 0, 0, 0, 0, 0, 153, 0, 0, 5, 38, 196
"d:\BOA\Dev\apisBoaExpress\src\main\java\com\boa\api\domain\Tracking.java", "Java", 0, 0, 0, 0, 0, 0, 0, 0, 177, 0, 0, 5, 43, 225
"d:\BOA\Dev\apisBoaExpress\src\main\java\com\boa\api\domain\Transaction.java", "Java", 0, 0, 0, 0, 0, 0, 0, 0, 455, 0, 0, 5, 106, 566
"d:\BOA\Dev\apisBoaExpress\src\main\java\com\boa\api\domain\User.java", "Java", 0, 0, 0, 0, 0, 0, 0, 0, 181, 0, 0, 6, 46, 233
"d:\BOA\Dev\apisBoaExpress\src\main\java\com\boa\api\domain\UserExtra.java", "Java", 0, 0, 0, 0, 0, 0, 0, 0, 77, 0, 0, 0, 21, 98
"d:\BOA\Dev\apisBoaExpress\src\main\java\com\boa\api\domain\package-info.java", "Java", 0, 0, 0, 0, 0, 0, 0, 0, 1, 0, 0, 3, 1, 5
"d:\BOA\Dev\apisBoaExpress\src\main\java\com\boa\api\repository\AuthorityRepository.java", "Java", 0, 0, 0, 0, 0, 0, 0, 0, 4, 0, 0, 3, 3, 10
"d:\BOA\Dev\apisBoaExpress\src\main\java\com\boa\api\repository\ParamEndPointRepository.java", "Java", 0, 0, 0, 0, 0, 0, 0, 0, 9, 0, 0, 3, 3, 15
"d:\BOA\Dev\apisBoaExpress\src\main\java\com\boa\api\repository\PaysRepository.java", "Java", 0, 0, 0, 0, 0, 0, 0, 0, 9, 0, 0, 3, 3, 15
"d:\BOA\Dev\apisBoaExpress\src\main\java\com\boa\api\repository\PersistenceAuditEventRepository.java", "Java", 0, 0, 0, 0, 0, 0, 0, 0, 13, 0, 0, 3, 6, 22
"d:\BOA\Dev\apisBoaExpress\src\main\java\com\boa\api\repository\RequestParamRepository.java", "Java", 0, 0, 0, 0, 0, 0, 0, 0, 10, 0, 0, 3, 3, 16
"d:\BOA\Dev\apisBoaExpress\src\main\java\com\boa\api\repository\TrackingRepository.java", "Java", 0, 0, 0, 0, 0, 0, 0, 0, 13, 0, 0, 3, 3, 19
"d:\BOA\Dev\apisBoaExpress\src\main\java\com\boa\api\repository\TransactionRepository.java", "Java", 0, 0, 0, 0, 0, 0, 0, 0, 51, 0, 0, 5, 11, 67
"d:\BOA\Dev\apisBoaExpress\src\main\java\com\boa\api\repository\UserExtraRepository.java", "Java", 0, 0, 0, 0, 0, 0, 0, 0, 4, 0, 0, 0, 3, 7
"d:\BOA\Dev\apisBoaExpress\src\main\java\com\boa\api\repository\UserRepository.java", "Java", 0, 0, 0, 0, 0, 0, 0, 0, 28, 0, 0, 3, 12, 43
"d:\BOA\Dev\apisBoaExpress\src\main\java\com\boa\api\repository\package-info.java", "Java", 0, 0, 0, 0, 0, 0, 0, 0, 1, 0, 0, 3, 1, 5
"d:\BOA\Dev\apisBoaExpress\src\main\java\com\boa\api\request\Beneficiary.java", "Java", 0, 0, 0, 0, 0, 0, 0, 0, 46, 0, 0, 0, 15, 61
"d:\BOA\Dev\apisBoaExpress\src\main\java\com\boa\api\request\CalculfraisTransfertRequest.java", "Java", 0, 0, 0, 0, 0, 0, 0, 0, 73, 0, 0, 0, 18, 91
"d:\BOA\Dev\apisBoaExpress\src\main\java\com\boa\api\request\ConfirmTransfertRequest.java", "Java", 0, 0, 0, 0, 0, 0, 0, 0, 33, 0, 0, 0, 12, 45
"d:\BOA\Dev\apisBoaExpress\src\main\java\com\boa\api\request\EnvoiTransfertRequest.java", "Java", 0, 0, 0, 0, 0, 0, 0, 0, 22, 0, 0, 0, 9, 31
"d:\BOA\Dev\apisBoaExpress\src\main\java\com\boa\api\request\PaysActifsRequest.java", "Java", 0, 0, 0, 0, 0, 0, 0, 0, 22, 0, 0, 0, 9, 31
"d:\BOA\Dev\apisBoaExpress\src\main\java\com\boa\api\request\Sender.java", "Java", 0, 0, 0, 0, 0, 0, 0, 0, 73, 0, 0, 0, 18, 91
"d:\BOA\Dev\apisBoaExpress\src\main\java\com\boa\api\request\Transaction.java", "Java", 0, 0, 0, 0, 0, 0, 0, 0, 202, 0, 0, 0, 42, 244
"d:\BOA\Dev\apisBoaExpress\src\main\java\com\boa\api\request\TransactionByNumRequest.java", "Java", 0, 0, 0, 0, 0, 0, 0, 0, 22, 0, 0, 0, 9, 31
"d:\BOA\Dev\apisBoaExpress\src\main\java\com\boa\api\request\TransactionByRefRequest.java", "Java", 0, 0, 0, 0, 0, 0, 0, 0, 34, 0, 0, 0, 12, 46
"d:\BOA\Dev\apisBoaExpress\src\main\java\com\boa\api\response\AmountPerCountryResponse.java", "Java", 0, 0, 0, 0, 0, 0, 0, 0, 25, 0, 0, 0, 10, 35
"d:\BOA\Dev\apisBoaExpress\src\main\java\com\boa\api\response\AmountPerPeriodResponse.java", "Java", 0, 0, 0, 0, 0, 0, 0, 0, 25, 0, 0, 0, 10, 35
"d:\BOA\Dev\apisBoaExpress\src\main\java\com\boa\api\response\CalculfraisTransfertResponse.java", "Java", 0, 0, 0, 0, 0, 0, 0, 0, 60, 0, 0, 0, 15, 75
"d:\BOA\Dev\apisBoaExpress\src\main\java\com\boa\api\response\ConfirmTansfertResponse.java", "Java", 0, 0, 0, 0, 0, 0, 0, 0, 62, 0, 0, 0, 15, 77
"d:\BOA\Dev\apisBoaExpress\src\main\java\com\boa\api\response\Confirmdeposit.java", "Java", 0, 0, 0, 0, 0, 0, 0, 0, 110, 0, 0, 0, 24, 134
"d:\BOA\Dev\apisBoaExpress\src\main\java\com\boa\api\response\EnvoiTransfertResponse.java", "Java", 0, 0, 0, 0, 0, 0, 0, 0, 45, 0, 0, 0, 12, 57
"d:\BOA\Dev\apisBoaExpress\src\main\java\com\boa\api\response\Fraistransaction.java", "Java", 0, 0, 0, 0, 0, 0, 0, 0, 206, 0, 0, 0, 42, 248
"d:\BOA\Dev\apisBoaExpress\src\main\java\com\boa\api\response\GenericResponse.java", "Java", 0, 0, 0, 0, 0, 0, 0, 0, 77, 0, 0, 0, 19, 96
"d:\BOA\Dev\apisBoaExpress\src\main\java\com\boa\api\response\ItemCountry.java", "Java", 0, 0, 0, 0, 0, 0, 0, 0, 45, 0, 0, 0, 15, 60
"d:\BOA\Dev\apisBoaExpress\src\main\java\com\boa\api\response\ItemPeriod.java", "Java", 0, 0, 0, 0, 0, 0, 0, 0, 87, 0, 0, 0, 22, 109
"d:\BOA\Dev\apisBoaExpress\src\main\java\com\boa\api\response\MontantTransactionResponse.java", "Java", 0, 0, 0, 0, 0, 0, 0, 0, 33, 0, 0, 0, 12, 45
"d:\BOA\Dev\apisBoaExpress\src\main\java\com\boa\api\response\PaysActifsResponse.java", "Java", 0, 0, 0, 0, 0, 0, 0, 0, 48, 0, 0, 0, 16, 64
"d:\BOA\Dev\apisBoaExpress\src\main\java\com\boa\api\response\PaysResp.java", "Java", 0, 0, 0, 0, 0, 0, 0, 0, 33, 0, 0, 0, 12, 45
"d:\BOA\Dev\apisBoaExpress\src\main\java\com\boa\api\response\Status.java", "Java", 0, 0, 0, 0, 0, 0, 0, 0, 70, 0, 0, 0, 18, 88
"d:\BOA\Dev\apisBoaExpress\src\main\java\com\boa\api\response\TotalTransactionResponse.java", "Java", 0, 0, 0, 0, 0, 0, 0, 0, 33, 0, 0, 0, 12, 45
"d:\BOA\Dev\apisBoaExpress\src\main\java\com\boa\api\response\Transaction.java", "Java", 0, 0, 0, 0, 0, 0, 0, 0, 286, 0, 0, 0, 57, 343
"d:\BOA\Dev\apisBoaExpress\src\main\java\com\boa\api\response\TransactionByNumResponse.java", "Java", 0, 0, 0, 0, 0, 0, 0, 0, 49, 0, 0, 0, 16, 65
"d:\BOA\Dev\apisBoaExpress\src\main\java\com\boa\api\response\TransactionByRefResponse.java", "Java", 0, 0, 0, 0, 0, 0, 0, 0, 49, 0, 0, 0, 17, 66
"d:\BOA\Dev\apisBoaExpress\src\main\java\com\boa\api\security\AuthoritiesConstants.java", "Java", 0, 0, 0, 0, 0, 0, 0, 0, 7, 0, 0, 3, 6, 16
"d:\BOA\Dev\apisBoaExpress\src\main\java\com\boa\api\security\DomainUserDetailsService.java", "Java", 0, 0, 0, 0, 0, 0, 0, 0, 50, 0, 0, 3, 10, 63
"d:\BOA\Dev\apisBoaExpress\src\main\java\com\boa\api\security\SecurityUtils.java", "Java", 0, 0, 0, 0, 0, 0, 0, 0, 44, 0, 0, 24, 10, 78
"d:\BOA\Dev\apisBoaExpress\src\main\java\com\boa\api\security\SpringSecurityAuditorAware.java", "Java", 0, 0, 0, 0, 0, 0, 0, 0, 12, 0, 0, 3, 4, 19
"d:\BOA\Dev\apisBoaExpress\src\main\java\com\boa\api\security\UserNotActivatedException.java", "Java", 0, 0, 0, 0, 0, 0, 0, 0, 11, 0, 0, 3, 6, 20
"d:\BOA\Dev\apisBoaExpress\src\main\java\com\boa\api\security\jwt\JWTConfigurer.java", "Java", 0, 0, 0, 0, 0, 0, 0, 0, 16, 0, 0, 0, 6, 22
"d:\BOA\Dev\apisBoaExpress\src\main\java\com\boa\api\security\jwt\JWTFilter.java", "Java", 0, 0, 0, 0, 0, 0, 0, 0, 36, 0, 0, 4, 8, 48
"d:\BOA\Dev\apisBoaExpress\src\main\java\com\boa\api\security\jwt\TokenProvider.java", "Java", 0, 0, 0, 0, 0, 0, 0, 0, 83, 0, 0, 0, 18, 101
"d:\BOA\Dev\apisBoaExpress\src\main\java\com\boa\api\security\package-info.java", "Java", 0, 0, 0, 0, 0, 0, 0, 0, 1, 0, 0, 3, 1, 5
"d:\BOA\Dev\apisBoaExpress\src\main\java\com\boa\api\service\ApiService.java", "Java", 0, 0, 0, 0, 0, 0, 0, 0, 1083, 0, 0, 38, 35, 1156
"d:\BOA\Dev\apisBoaExpress\src\main\java\com\boa\api\service\EmailAlreadyUsedException.java", "Java", 0, 0, 0, 0, 0, 0, 0, 0, 7, 0, 0, 0, 4, 11
"d:\BOA\Dev\apisBoaExpress\src\main\java\com\boa\api\service\InvalidPasswordException.java", "Java", 0, 0, 0, 0, 0, 0, 0, 0, 7, 0, 0, 0, 4, 11
"d:\BOA\Dev\apisBoaExpress\src\main\java\com\boa\api\service\MailService.java", "Java", 0, 0, 0, 0, 0, 0, 0, 0, 90, 0, 0, 6, 17, 113
"d:\BOA\Dev\apisBoaExpress\src\main\java\com\boa\api\service\ParamEndPointService.java", "Java", 0, 0, 0, 0, 0, 0, 0, 0, 41, 0, 0, 25, 11, 77
"d:\BOA\Dev\apisBoaExpress\src\main\java\com\boa\api\service\PaysService.java", "Java", 0, 0, 0, 0, 0, 0, 0, 0, 51, 0, 0, 35, 13, 99
"d:\BOA\Dev\apisBoaExpress\src\main\java\com\boa\api\service\RequestParamService.java", "Java", 0, 0, 0, 0, 0, 0, 0, 0, 42, 0, 0, 26, 11, 79
"d:\BOA\Dev\apisBoaExpress\src\main\java\com\boa\api\service\TrackingService.java", "Java", 0, 0, 0, 0, 0, 0, 0, 0, 67, 0, 0, 27, 12, 106
"d:\BOA\Dev\apisBoaExpress\src\main\java\com\boa\api\service\TransactionService.java", "Java", 0, 0, 0, 0, 0, 0, 0, 0, 113, 0, 0, 29, 20, 162
"d:\BOA\Dev\apisBoaExpress\src\main\java\com\boa\api\service\UserService.java", "Java", 0, 0, 0, 0, 0, 0, 0, 0, 289, 0, 0, 31, 26, 346
"d:\BOA\Dev\apisBoaExpress\src\main\java\com\boa\api\service\UsernameAlreadyUsedException.java", "Java", 0, 0, 0, 0, 0, 0, 0, 0, 7, 0, 0, 0, 4, 11
"d:\BOA\Dev\apisBoaExpress\src\main\java\com\boa\api\service\dto\AdminUserDTO.java", "Java", 0, 0, 0, 0, 0, 0, 0, 0, 144, 0, 0, 5, 45, 194
"d:\BOA\Dev\apisBoaExpress\src\main\java\com\boa\api\service\dto\PasswordChangeDTO.java", "Java", 0, 0, 0, 0, 0, 0, 0, 0, 23, 0, 0, 4, 9, 36
"d:\BOA\Dev\apisBoaExpress\src\main\java\com\boa\api\service\dto\UserDTO.java", "Java", 0, 0, 0, 0, 0, 0, 0, 0, 31, 0, 0, 6, 12, 49
"d:\BOA\Dev\apisBoaExpress\src\main\java\com\boa\api\service\dto\package-info.java", "Java", 0, 0, 0, 0, 0, 0, 0, 0, 1, 0, 0, 3, 1, 5
"d:\BOA\Dev\apisBoaExpress\src\main\java\com\boa\api\service\mapper\UserMapper.java", "Java", 0, 0, 0, 0, 0, 0, 0, 0, 123, 0, 0, 6, 21, 150
"d:\BOA\Dev\apisBoaExpress\src\main\java\com\boa\api\service\mapper\package-info.java", "Java", 0, 0, 0, 0, 0, 0, 0, 0, 1, 0, 0, 3, 1, 5
"d:\BOA\Dev\apisBoaExpress\src\main\java\com\boa\api\service\package-info.java", "Java", 0, 0, 0, 0, 0, 0, 0, 0, 1, 0, 0, 3, 1, 5
"d:\BOA\Dev\apisBoaExpress\src\main\java\com\boa\api\service\utils\ICodeDescResponse.java", "Java", 0, 0, 0, 0, 0, 0, 0, 0, 40, 0, 0, 6, 5, 51
"d:\BOA\Dev\apisBoaExpress\src\main\java\com\boa\api\service\utils\Slf4jMDCFilter.java", "Java", 0, 0, 0, 0, 0, 0, 0, 0, 3, 0, 0, 70, 2, 75
"d:\BOA\Dev\apisBoaExpress\src\main\java\com\boa\api\service\utils\Slf4jMDCFilterConfiguration.java", "Java", 0, 0, 0, 0, 0, 0, 0, 0, 3, 0, 0, 24, 2, 29
"d:\BOA\Dev\apisBoaExpress\src\main\java\com\boa\api\service\utils\Utils.java", "Java", 0, 0, 0, 0, 0, 0, 0, 0, 51, 0, 0, 5, 9, 65
"d:\BOA\Dev\apisBoaExpress\src\main\java\com\boa\api\web\rest\AccountResource.java", "Java", 0, 0, 0, 0, 0, 0, 0, 0, 118, 0, 0, 58, 20, 196
"d:\BOA\Dev\apisBoaExpress\src\main\java\com\boa\api\web\rest\ApisResource.java", "Java", 0, 0, 0, 0, 0, 0, 0, 0, 184, 0, 0, 53, 17, 254
"d:\BOA\Dev\apisBoaExpress\src\main\java\com\boa\api\web\rest\ParamEndPointResource.java", "Java", 0, 0, 0, 0, 0, 0, 0, 0, 27, 0, 0, 81, 8, 116
"d:\BOA\Dev\apisBoaExpress\src\main\java\com\boa\api\web\rest\PaysResource.java", "Java", 0, 0, 0, 0, 0, 0, 0, 0, 39, 0, 0, 59, 7, 105
"d:\BOA\Dev\apisBoaExpress\src\main\java\com\boa\api\web\rest\PublicUserResource.java", "Java", 0, 0, 0, 0, 0, 0, 0, 0, 45, 0, 0, 10, 11, 66
"d:\BOA\Dev\apisBoaExpress\src\main\java\com\boa\api\web\rest\RequestParamResource.java", "Java", 0, 0, 0, 0, 0, 0, 0, 0, 33, 0, 0, 85, 8, 126
"d:\BOA\Dev\apisBoaExpress\src\main\java\com\boa\api\web\rest\TrackingResource.java", "Java", 0, 0, 0, 0, 0, 0, 0, 0, 37, 0, 0, 107, 8, 152
"d:\BOA\Dev\apisBoaExpress\src\main\java\com\boa\api\web\rest\TransactionResource.java", "Java", 0, 0, 0, 0, 0, 0, 0, 0, 44, 0, 0, 203, 9, 256
"d:\BOA\Dev\apisBoaExpress\src\main\java\com\boa\api\web\rest\UserJWTController.java", "Java", 0, 0, 0, 0, 0, 0, 0, 0, 50, 0, 0, 6, 13, 69
"d:\BOA\Dev\apisBoaExpress\src\main\java\com\boa\api\web\rest\UserResource.java", "Java", 0, 0, 0, 0, 0, 0, 0, 0, 119, 0, 0, 63, 19, 201
"d:\BOA\Dev\apisBoaExpress\src\main\java\com\boa\api\web\rest\errors\BadRequestAlertException.java", "Java", 0, 0, 0, 0, 0, 0, 0, 0, 31, 0, 0, 0, 11, 42
"d:\BOA\Dev\apisBoaExpress\src\main\java\com\boa\api\web\rest\errors\EmailAlreadyUsedException.java", "Java", 0, 0, 0, 0, 0, 0, 0, 0, 7, 0, 0, 0, 4, 11
"d:\BOA\Dev\apisBoaExpress\src\main\java\com\boa\api\web\rest\errors\ErrorConstants.java", "Java", 0, 0, 0, 0, 0, 0, 0, 0, 13, 0, 0, 0, 5, 18
"d:\BOA\Dev\apisBoaExpress\src\main\java\com\boa\api\web\rest\errors\ExceptionTranslator.java", "Java", 0, 0, 0, 0, 0, 0, 0, 0, 195, 0, 0, 8, 21, 224
"d:\BOA\Dev\apisBoaExpress\src\main\java\com\boa\api\web\rest\errors\FieldErrorVM.java", "Java", 0, 0, 0, 0, 0, 0, 0, 0, 22, 0, 0, 0, 11, 33
"d:\BOA\Dev\apisBoaExpress\src\main\java\com\boa\api\web\rest\errors\InvalidPasswordException.java", "Java", 0, 0, 0, 0, 0, 0, 0, 0, 9, 0, 0, 0, 5, 14
"d:\BOA\Dev\apisBoaExpress\src\main\java\com\boa\api\web\rest\errors\LoginAlreadyUsedException.java", "Java", 0, 0, 0, 0, 0, 0, 0, 0, 7, 0, 0, 0, 4, 11
"d:\BOA\Dev\apisBoaExpress\src\main\java\com\boa\api\web\rest\errors\package-info.java", "Java", 0, 0, 0, 0, 0, 0, 0, 0, 1, 0, 0, 5, 1, 7
"d:\BOA\Dev\apisBoaExpress\src\main\java\com\boa\api\web\rest\package-info.java", "Java", 0, 0, 0, 0, 0, 0, 0, 0, 1, 0, 0, 3, 1, 5
"d:\BOA\Dev\apisBoaExpress\src\main\java\com\boa\api\web\rest\vm\KeyAndPasswordVM.java", "Java", 0, 0, 0, 0, 0, 0, 0, 0, 17, 0, 0, 3, 8, 28
"d:\BOA\Dev\apisBoaExpress\src\main\java\com\boa\api\web\rest\vm\LoginVM.java", "Java", 0, 0, 0, 0, 0, 0, 0, 0, 37, 0, 0, 4, 13, 54
"d:\BOA\Dev\apisBoaExpress\src\main\java\com\boa\api\web\rest\vm\ManagedUserVM.java", "Java", 0, 0, 0, 0, 0, 0, 0, 0, 21, 0, 0, 5, 10, 36
"d:\BOA\Dev\apisBoaExpress\src\main\java\com\boa\api\web\rest\vm\package-info.java", "Java", 0, 0, 0, 0, 0, 0, 0, 0, 1, 0, 0, 3, 1, 5
"d:\BOA\Dev\apisBoaExpress\src\main\resources\config\application-dev.yml", "YAML", 0, 0, 0, 0, 0, 0, 0, 67, 0, 0, 0, 32, 8, 107
"d:\BOA\Dev\apisBoaExpress\src\main\resources\config\application-prod.yml", "YAML", 0, 0, 0, 0, 0, 0, 0, 65, 0, 0, 0, 64, 9, 138
"d:\BOA\Dev\apisBoaExpress\src\main\resources\config\application-tls.yml", "YAML", 0, 0, 0, 0, 0, 0, 0, 10, 0, 0, 0, 9, 1, 20
"d:\BOA\Dev\apisBoaExpress\src\main\resources\config\application.yml", "YAML", 0, 0, 0, 0, 0, 0, 0, 129, 0, 0, 0, 45, 9, 183
"d:\BOA\Dev\apisBoaExpress\src\main\resources\config\liquibase\changelog\00000000000000_initial_schema.xml", "XML", 0, 105, 0, 0, 0, 0, 0, 0, 0, 0, 0, 4, 11, 120
"d:\BOA\Dev\apisBoaExpress\src\main\resources\config\liquibase\master.xml", "XML", 0, 16, 0, 0, 0, 0, 0, 0, 0, 0, 0, 3, 3, 22
"d:\BOA\Dev\apisBoaExpress\src\main\resources\i18n\messages.properties", "Properties", 0, 0, 0, 14, 0, 0, 0, 0, 0, 0, 0, 4, 4, 22
"d:\BOA\Dev\apisBoaExpress\src\main\resources\logback-spring.xml", "XML", 0, 39, 0, 0, 0, 0, 0, 0, 0, 0, 0, 24, 7, 70
"d:\BOA\Dev\apisBoaExpress\src\main\resources\templates\error.html", "HTML", 0, 0, 0, 0, 0, 0, 80, 0, 0, 0, 0, 0, 13, 93
"d:\BOA\Dev\apisBoaExpress\src\main\resources\templates\mail\activationEmail.html", "HTML", 0, 0, 0, 0, 0, 0, 20, 0, 0, 0, 0, 0, 1, 21
"d:\BOA\Dev\apisBoaExpress\src\main\resources\templates\mail\creationEmail.html", "HTML", 0, 0, 0, 0, 0, 0, 20, 0, 0, 0, 0, 0, 1, 21
"d:\BOA\Dev\apisBoaExpress\src\main\resources\templates\mail\passwordResetEmail.html", "HTML", 0, 0, 0, 0, 0, 0, 22, 0, 0, 0, 0, 0, 1, 23
"d:\BOA\Dev\apisBoaExpress\src\test\java\com\boa\api\ArchTest.java", "Java", 0, 0, 0, 0, 0, 0, 0, 0, 24, 0, 0, 0, 6, 30
"d:\BOA\Dev\apisBoaExpress\src\test\java\com\boa\api\IntegrationTest.java", "Java", 0, 0, 0, 0, 0, 0, 0, 0, 12, 0, 0, 3, 3, 18
"d:\BOA\Dev\apisBoaExpress\src\test\java\com\boa\api\config\NoOpMailConfiguration.java", "Java", 0, 0, 0, 0, 0, 0, 0, 0, 19, 0, 0, 0, 7, 26
"d:\BOA\Dev\apisBoaExpress\src\test\java\com\boa\api\config\WebConfigurerTest.java", "Java", 0, 0, 0, 0, 0, 0, 0, 0, 101, 0, 0, 3, 28, 132
"d:\BOA\Dev\apisBoaExpress\src\test\java\com\boa\api\config\WebConfigurerTestController.java", "Java", 0, 0, 0, 0, 0, 0, 0, 0, 10, 0, 0, 0, 5, 15
"d:\BOA\Dev\apisBoaExpress\src\test\java\com\boa\api\config\timezone\HibernateTimeZoneIT.java", "Java", 0, 0, 0, 0, 0, 0, 0, 0, 124, 0, 0, 3, 36, 163
"d:\BOA\Dev\apisBoaExpress\src\test\java\com\boa\api\repository\timezone\DateTimeWrapper.java", "Java", 0, 0, 0, 0, 0, 0, 0, 0, 101, 0, 0, 1, 32, 134
"d:\BOA\Dev\apisBoaExpress\src\test\java\com\boa\api\repository\timezone\DateTimeWrapperRepository.java", "Java", 0, 0, 0, 0, 0, 0, 0, 0, 5, 0, 0, 3, 3, 11
"d:\BOA\Dev\apisBoaExpress\src\test\java\com\boa\api\security\DomainUserDetailsServiceIT.java", "Java", 0, 0, 0, 0, 0, 0, 0, 0, 93, 0, 0, 3, 16, 112
"d:\BOA\Dev\apisBoaExpress\src\test\java\com\boa\api\security\SecurityUtilsUnitTest.java", "Java", 0, 0, 0, 0, 0, 0, 0, 0, 64, 0, 0, 3, 11, 78
"d:\BOA\Dev\apisBoaExpress\src\test\java\com\boa\api\security\jwt\JWTFilterTest.java", "Java", 0, 0, 0, 0, 0, 0, 0, 0, 100, 0, 0, 0, 13, 113
"d:\BOA\Dev\apisBoaExpress\src\test\java\com\boa\api\security\jwt\TokenProviderTest.java", "Java", 0, 0, 0, 0, 0, 0, 0, 0, 102, 0, 0, 0, 31, 133
"d:\BOA\Dev\apisBoaExpress\src\test\java\com\boa\api\service\MailServiceIT.java", "Java", 0, 0, 0, 0, 0, 0, 0, 0, 212, 0, 0, 7, 25, 244
"d:\BOA\Dev\apisBoaExpress\src\test\java\com\boa\api\service\UserServiceIT.java", "Java", 0, 0, 0, 0, 0, 0, 0, 0, 153, 0, 0, 3, 30, 186
"d:\BOA\Dev\apisBoaExpress\src\test\java\com\boa\api\service\mapper\UserMapperTest.java", "Java", 0, 0, 0, 0, 0, 0, 0, 0, 100, 0, 0, 3, 30, 133
"d:\BOA\Dev\apisBoaExpress\src\test\java\com\boa\api\web\rest\AccountResourceIT.java", "Java", 0, 0, 0, 0, 0, 0, 0, 0, 640, 0, 0, 15, 108, 763
"d:\BOA\Dev\apisBoaExpress\src\test\java\com\boa\api\web\rest\PublicUserResourceIT.java", "Java", 0, 0, 0, 0, 0, 0, 0, 0, 77, 0, 0, 6, 17, 100
"d:\BOA\Dev\apisBoaExpress\src\test\java\com\boa\api\web\rest\TestUtil.java", "Java", 0, 0, 0, 0, 0, 0, 0, 0, 132, 0, 0, 50, 25, 207
"d:\BOA\Dev\apisBoaExpress\src\test\java\com\boa\api\web\rest\UserJWTControllerIT.java", "Java", 0, 0, 0, 0, 0, 0, 0, 0, 82, 0, 0, 3, 14, 99
"d:\BOA\Dev\apisBoaExpress\src\test\java\com\boa\api\web\rest\UserResourceIT.java", "Java", 0, 0, 0, 0, 0, 0, 0, 0, 470, 0, 0, 39, 81, 590
"d:\BOA\Dev\apisBoaExpress\src\test\java\com\boa\api\web\rest\WithUnauthenticatedMockUser.java", "Java", 0, 0, 0, 0, 0, 0, 0, 0, 20, 0, 0, 0, 4, 24
"d:\BOA\Dev\apisBoaExpress\src\test\java\com\boa\api\web\rest\errors\ExceptionTranslatorIT.java", "Java", 0, 0, 0, 0, 0, 0, 0, 0, 102, 0, 0, 3, 14, 119
"d:\BOA\Dev\apisBoaExpress\src\test\java\com\boa\api\web\rest\errors\ExceptionTranslatorTestController.java", "Java", 0, 0, 0, 0, 0, 0, 0, 0, 51, 0, 0, 0, 16, 67
"d:\BOA\Dev\apisBoaExpress\src\test\resources\config\application-testcontainers.yml", "YAML", 0, 0, 0, 0, 0, 0, 0, 12, 0, 0, 0, 9, 2, 23
"d:\BOA\Dev\apisBoaExpress\src\test\resources\config\application.yml", "YAML", 0, 0, 0, 0, 0, 0, 0, 74, 0, 0, 0, 32, 7, 113
"d:\BOA\Dev\apisBoaExpress\src\test\resources\i18n\messages_en.properties", "Properties", 0, 0, 0, 1, 0, 0, 0, 0, 0, 0, 0, 0, 1, 2
"d:\BOA\Dev\apisBoaExpress\src\test\resources\logback.xml", "XML", 0, 43, 0, 0, 0, 0, 0, 0, 0, 0, 0, 0, 7, 50
"d:\BOA\Dev\apisBoaExpress\src\test\resources\templates\mail\testEmail.html", "HTML", 0, 0, 0, 0, 0, 0, 1, 0, 0, 0, 0, 0, 1, 2
"Total", "-", 10398, 1122, 8, 37, 76, 96, 143, 486, 10468, 2, 3, 1989, 2351, 27179